{
  "macro_regime": {
    "baseline": {
      "alpha": 3.7253321053563346,
      "alpha_x_negative": -4.3611793447422835,
      "alpha_negative_indicator": -0.0113062017790297,
      "reference_regime": "Downturn"
    },
    "regimes": {
      "Goldilocks": {
        "alpha_pos": -0.38103973378177924,
        "alpha_neg": -0.12425977284122691,
        "flow_level": 0.005623906177661682
      },
      "Overheating": {
        "alpha_pos": 3.4740004814779506,
        "alpha_neg": 0.5263048407987556,
        "flow_level": -0.01484753205117992
      },
      "Downturn": {
        "alpha_pos": 3.7253321053563346,
        "alpha_neg": -0.6358472393859489,
        "flow_level": 0.0
      },
      "Stagflation": {
        "alpha_pos": -2.4011710737202256,
        "alpha_neg": -0.8493833523026488,
        "flow_level": -0.015255446910593683
      }
    },
    "controls": {
      "intercept": 0.0,
      "alpha_negative_indicator": -0.0113062017790297,
      "lagged_flow": 0.18167204314508578,
      "log_tna": -0.014192902694243378,
      "log_age": -0.005096136991396085,
      "ter": 0.0013999852852182278,
      "flow_rate_mean": 0.011867708420649683,
      "mean_log_tna": 19.38736885214156
    }
  },
  "model_stats": {
    "r_squared": 0.165677757688537,
    "adj_r_squared": 0.1298279738392163,
    "n_obs": 802,
    "f_statistic": 34.455641310357834,
    "f_pvalue": 3.467355032687135e-10,
    "aic": -1457.6921035700802,
    "bic": -1298.3304109026187,
    "df_model": 33,
    "df_resid": 768
  },
  "inference": {
    "Intercept": {
      "coef": 0.3137872599849977,
      "se": 0.11109169046363826,
      "t": 2.824579036248479,
      "p": 0.004734277049610237,
      "ci_lower": 0.09605154769459492,
      "ci_upper": 0.5315229722754005
    },
    "C(macro_regime)[T.Goldilocks]": {
      "coef": 0.005623906177661682,
      "se": 0.012342689803906206,
      "t": 0.455646724256315,
      "p": 0.6486440381164902,
      "ci_lower": -0.018567321310344224,
      "ci_upper": 0.029815133665667588
    },
    "C(macro_regime)[T.Overheating]": {
      "coef": -0.01484753205117992,
      "se": 0.013543423927603113,
      "t": -1.0962908737515689,
      "p": 0.2729515019600035,
      "ci_lower": -0.04139215517664003,
      "ci_upper": 0.011697091074280188
    },
    "C(macro_regime)[T.Stagflation]": {
      "coef": -0.015255446910593683,
      "se": 0.011444485297783897,
      "t": -1.3329954570825249,
      "p": 0.18253329463622747,
      "ci_lower": -0.037686225915848276,
      "ci_upper": 0.007175332094660911
    },
    "C(Instrument)[T.LP40000605]": {
      "coef": -0.02576952367303801,
      "se": 0.00651291072748549,
      "t": -3.9566830793928496,
      "p": 7.599764812606104e-05,
      "ci_lower": -0.03853459413343413,
      "ci_upper": -0.013004453212641888
    },
    "C(Instrument)[T.LP40000651]": {
      "coef": 0.011271246839622391,
      "se": 0.006455432202015961,
      "t": 1.7460096376045129,
      "p": 0.08080927717176838,
      "ci_lower": -0.0013811677809689865,
      "ci_upper": 0.02392366146021377
    },
    "C(Instrument)[T.LP40003604]": {
      "coef": 0.0042663810909575346,
      "se": 0.006298382083846196,
      "t": 0.6773773064514067,
      "p": 0.4981665930646215,
      "ci_lower": -0.008078220954253345,
      "ci_upper": 0.016610983136168413
    },
    "C(Instrument)[T.LP40004664]": {
      "coef": 0.03793479006565331,
      "se": 0.005976557391786002,
      "t": 6.347264416433068,
      "p": 2.1917724007927006e-10,
      "ci_lower": 0.026220952826216108,
      "ci_upper": 0.049648627305090516
    },
    "C(Instrument)[T.LP40017915]": {
      "coef": -0.08059526532251725,
      "se": 0.02624521625146062,
      "t": -3.070855448486994,
      "p": 0.0021344645905427774,
      "ci_lower": -0.1320349439418454,
      "ci_upper": -0.02915558670318911
    },
    "C(Instrument)[T.LP40019885]": {
      "coef": 0.010414621982284385,
      "se": 0.0020692178250937537,
      "t": 5.033120175162086,
      "p": 4.825604020114838e-07,
      "ci_lower": 0.006359029568932327,
      "ci_upper": 0.014470214395636442
    },
    "C(Instrument)[T.LP40024835]": {
      "coef": -0.027120620221775926,
      "se": 0.005447002615755479,
      "t": -4.97899893481406,
      "p": 6.391399446412158e-07,
      "ci_lower": -0.03779654917235213,
      "ci_upper": -0.01644469127119972
    },
    "C(Instrument)[T.LP40033047]": {
      "coef": -0.0033623048556519473,
      "se": 0.003687295058151474,
      "t": -0.9118621652527987,
      "p": 0.36184128054752895,
      "ci_lower": -0.01058927037000136,
      "ci_upper": 0.0038646606586974657
    },
    "C(Instrument)[T.LP40045538]": {
      "coef": -0.016036711739619226,
      "se": 0.012526522966661555,
      "t": -1.280220519476936,
      "p": 0.20046759128739178,
      "ci_lower": -0.040588245605789705,
      "ci_upper": 0.008514822126551254
    },
    "C(Instrument)[T.LP40054063]": {
      "coef": 0.044489440948056735,
      "se": 0.010846494331038197,
      "t": 4.101734587252426,
      "p": 4.100644824485026e-05,
      "ci_lower": 0.023230702700704004,
      "ci_upper": 0.06574817919540947
    },
    "C(Instrument)[T.LP40059155]": {
      "coef": -0.03562062093712076,
      "se": 0.005746757497099392,
      "t": -6.198385951573536,
      "p": 5.704511830494368e-10,
      "ci_lower": -0.04688405865932112,
      "ci_upper": -0.02435718321492041
    },
    "C(Instrument)[T.LP40115301]": {
      "coef": -0.006300163670427312,
      "se": 0.01317819453460495,
      "t": -0.4780748723873786,
      "p": 0.6325969158263529,
      "ci_lower": -0.03212895033951559,
      "ci_upper": 0.01952862299866097
    },
    "C(Instrument)[T.LP40179365]": {
      "coef": 0.023484209273856225,
      "se": 0.008124804836323265,
      "t": 2.8904336469555845,
      "p": 0.0038471073564844615,
      "ci_lower": 0.007559884413245777,
      "ci_upper": 0.03940853413446667
    },
    "C(Instrument)[T.LP40194859]": {
      "coef": 0.0007534282820657518,
      "se": 0.007188161781075686,
      "t": 0.10481515372251453,
      "p": 0.9165224853543313,
      "ci_lower": -0.013335109923889883,
      "ci_upper": 0.014841966488021385
    },
    "C(Instrument)[T.LP40201797]": {
      "coef": -0.013111066424485365,
      "se": 0.007232503394056589,
      "t": -1.8127978253366002,
      "p": 0.06986300950762389,
      "ci_lower": -0.027286512594899982,
      "ci_upper": 0.0010643797459292514
    },
    "C(Instrument)[T.LP40202854]": {
      "coef": -0.05523279357589182,
      "se": 0.010128184673710952,
      "t": -5.453375442418213,
      "p": 4.9422568245717554e-08,
      "ci_lower": -0.07508367076513585,
      "ci_upper": -0.035381916386647796
    },
    "C(Instrument)[T.LP40215375]": {
      "coef": 0.028531042496537328,
      "se": 0.00970554885073294,
      "t": 2.939662963458551,
      "p": 0.0032856943604630223,
      "ci_lower": 0.009508516298906651,
      "ci_upper": 0.047553568694168005
    },
    "C(Instrument)[T.LP40226705]": {
      "coef": 0.10034388418149687,
      "se": 0.016142220126006954,
      "t": 6.216238125747737,
      "p": 5.092150922811623e-10,
      "ci_lower": 0.06870571410400562,
      "ci_upper": 0.13198205425898812
    },
    "Alpha": {
      "coef": 3.7253321053563346,
      "se": 2.406939877160782,
      "t": 1.5477462236201442,
      "p": 0.12168340840779261,
      "ci_lower": -0.9921833668320601,
      "ci_upper": 8.442847577544729
    },
    "Alpha:C(macro_regime)[T.Goldilocks]": {
      "coef": -4.106371839138114,
      "se": 3.0031381410583067,
      "t": -1.3673602898903037,
      "p": 0.17151240275929736,
      "ci_lower": -9.992414436210964,
      "ci_upper": 1.7796707579347357
    },
    "Alpha:C(macro_regime)[T.Overheating]": {
      "coef": -0.25133162387838415,
      "se": 5.997844140910374,
      "t": -0.04190366037758296,
      "p": 0.9665754984034537,
      "ci_lower": -12.006890124947297,
      "ci_upper": 11.50422687719053
    },
    "Alpha:C(macro_regime)[T.Stagflation]": {
      "coef": -6.12650317907656,