{
  "macro_regime": {
    "baseline": {
      "alpha": 0,
      "alpha_negative": -0.018263536908219462,
      "alpha_x_negative": 0
    },
    "regimes": {
      "Goldilocks": {
        "alpha": 31.759393424595146,
        "alpha_neg": -59.49262573520369
      },
      "Overheating": {
        "alpha": 3.723500663714234,
        "alpha_neg": -34.244297943776864
      },
      "Downturn": {
        "alpha": -20.132564326381367,
        "alpha_neg": 62.812865294717646
      },
      "Stagflation": {
        "alpha": -75.1253505405781,
        "alpha_neg": -23.00866299096802
      }
    },
    "controls": {
      "intercept": 0.08532586666049072,
      "lagged_flow": -0.06335022366072342,
      "log_tna": -0.000304235147657093,
      "log_age": -0.004043196870896356,
      "ter": -11.65537022770013,
      "flow_rate_mean": 0.012397329419237185,
      "mean_log_tna": 20.94867332649787
    }
  },
  "model_stats": {
    "r_squared": 0.07252776949868445,
    "adj_r_squared": 0.055872545847227006,
    "n_obs": 3799,
    "f_statistic": 20.55900846094627,
    "f_pvalue": 6.867104105947496e-35,
    "aic": -922.1455405477318,
    "bic": -497.6560061309732,
    "df_model": 67,
    "df_resid": 3731
  },
  "inference": {
    "Intercept": {
      "coef": 0.08532586666049072,
      "se": 0.050750156611985335,
      "t": 1.6812926768454515,
      "p": 0.09270607962646976,
      "ci_lower": -0.014142612508767832,
      "ci_upper": 0.18479434582974927
    },
    "C(YearQuarter)[T.2003Q1]": {
      "coef": -0.06836963078459385,
      "se": 0.03632260553455967,
      "t": -1.882288722915061,
      "p": 0.05979682482192071,
      "ci_lower": -0.13956062945698605,
      "ci_upper": 0.00282136788779834
    },
    "C(YearQuarter)[T.2003Q2]": {
      "coef": -0.09081195672281205,
      "se": 0.027613511152424577,
      "t": -3.288678365512326,
      "p": 0.0010065898122330272,
      "ci_lower": -0.14493344406825934,
      "ci_upper": -0.036690469377364754
    },
    "C(YearQuarter)[T.2003Q3]": {
      "coef": -0.03995691356770196,
      "se": 0.034417907515973234,
      "t": -1.1609338408837926,
      "p": 0.24566880544366643,
      "ci_lower": -0.10741477272223993,
      "ci_upper": 0.027500945586836016
    },
    "C(YearQuarter)[T.2003Q4]": {
      "coef": -0.08689204677690586,
      "se": 0.02964355676059468,
      "t": -2.9312287819797613,
      "p": 0.0033762403541434155,
      "ci_lower": -0.14499235040134026,
      "ci_upper": -0.028791743152471454
    },
    "C(YearQuarter)[T.2004Q1]": {
      "coef": -0.09157863217578048,
      "se": 0.03305507296874725,
      "t": -2.7704864624672227,
      "p": 0.005597262689844686,
      "ci_lower": -0.15636538470086858,
      "ci_upper": -0.026791879650692393
    },
    "C(YearQuarter)[T.2004Q2]": {
      "coef": -0.07112311263694884,
      "se": 0.037996406506289306,
      "t": -1.8718378703832501,
      "p": 0.061229037216775195,
      "ci_lower": -0.14559470093121926,
      "ci_upper": 0.0033484756573215757
    },
    "C(YearQuarter)[T.2004Q3]": {
      "coef": -0.08070288779826326,
      "se": 0.03307579836845836,
      "t": -2.439937712137673,
      "p": 0.014689794522793505,
      "ci_lower": -0.14553026136035033,
      "ci_upper": -0.015875514236176197
    },
    "C(YearQuarter)[T.2004Q4]": {
      "coef": -0.01971729014190574,
      "se": 0.036558607314107164,
      "t": -0.5393337326145153,
      "p": 0.5896565970411007,
      "ci_lower": -0.09137084380249838,
      "ci_upper": 0.05193626351868691
    },
    "C(YearQuarter)[T.2005Q1]": {
      "coef": -0.09938848993085077,
      "se": 0.04358581281340116,
      "t": -2.2802945159323076,
      "p": 0.022590226845317966,
      "ci_lower": -0.18481511328202144,
      "ci_upper": -0.013961866579680085
    },
    "C(YearQuarter)[T.2005Q2]": {
      "coef": -0.0868948033388874,
      "se": 0.03242672357653107,
      "t": -2.6797281302196607,
      "p": 0.007368197666650753,
      "ci_lower": -0.15045001368552413,
      "ci_upper": -0.02333959299225065
    },
    "C(YearQuarter)[T.2005Q3]": {
      "coef": -0.051223716944752785,
      "se": 0.03925106331283747,
      "t": -1.3050274978920007,
      "p": 0.19188348458385818,
      "ci_lower": -0.12815438739281565,
      "ci_upper": 0.025706953503310072
    },
    "C(YearQuarter)[T.2006Q2]": {
      "coef": -0.03309282025119371,
      "se": 0.03937008261327117,
      "t": -0.8405575516887162,
      "p": 0.4005958474003174,
      "ci_lower": -0.11025676424157177,
      "ci_upper": 0.04407112373918436
    },
    "C(YearQuarter)[T.2008Q1]": {
      "coef": 0.09486333914225153,
      "se": 0.05107885339001879,
      "t": 1.857193982369005,
      "p": 0.06328356082919684,
      "ci_lower": -0.005249373873786933,
      "ci_upper": 0.19497605215829
    },
    "C(YearQuarter)[T.2008Q2]": {
      "coef": -0.11289523764307831,
      "se": 0.0534150261869752,
      "t": -2.11354829721317,
      "p": 0.0345538657845332,
      "ci_lower": -0.21758676520281356,
      "ci_upper": -0.008203710083343072
    },
    "C(YearQuarter)[T.2008Q3]": {
      "coef": 0.08000255579107352,
      "se": 0.05187041255946336,
      "t": 1.542354337347133,
      "p": 0.122987511377244,
      "ci_lower": -0.021661584688708754,
      "ci_upper": 0.1816666962708558
    },
    "C(YearQuarter)[T.2008Q4]": {
      "coef": 0.03486247156176404,
      "se": 0.06023433060399381,
      "t": 0.5787807586169555,
      "p": 0.5627371158600558,
      "ci_lower": -0.08319464705494259,
      "ci_upper": 0.15291959017847068
    },
    "C(YearQuarter)[T.2009Q1]": {
      "coef": 0.02567367763490117,
      "se": 0.03805352766143492,
      "t": 0.6746727363444934,
      "p": 0.4998837097550185,
      "ci_lower": -0.04890986606620998,
      "ci_upper": 0.10025722133601231
    },
    "C(YearQuarter)[T.2009Q2]": {
      "coef": 0.002046855266513326,
      "se": 0.0418157834727024,
      "t": 0.04894934631200981,
      "p": 0.9609596632967764,
      "ci_lower": -0.07991057432530861,
      "ci_upper": 0.08400428485833526
    },
    "C(YearQuarter)[T.2009Q3]": {
      "coef": -0.14549497027079242,
      "se": 0.03152737492106404,
      "t": -4.614877408444952,
      "p": 3.933274149866928e-06,
      "ci_lower": -0.20728748964316926,
      "ci_upper": -0.08370245089841558
    },
    "C(YearQuarter)[T.2009Q4]": {
      "coef": -0.07850531926919184,
      "se": 0.03301655348272519,
      "t": -2.3777563369922037,
      "p": 0.01741833161854183,
      "ci_lower": -0.14321657498897372,
      "ci_upper": -0.013794063549409971
    },
    "C(YearQuarter)[T.2010Q1]": {
      "coef": -0.11721516135935862,
      "se": 0.034247956718231574,
      "t": -3.422544659341976,
      "p": 0.000620379057213627,
      "ci_lower": -0.18433992307117908,
      "ci_upper": -0.050090399647538156
    },
    "C(YearQuarter)[T.2010Q2]": {
      "coef": -0.02659983388736606,
      "se": 0.03294207114714728,
      "t": -0.8074730264696656,
      "p": 0.4193940087694584,
      "ci_lower": -0.09116510691193079,
      "ci_upper": 0.03796543913719867
    },
    "C(YearQuarter)[T.2010Q3]": {
      "coef": -0.04344698187474349,
      "se": 0.03449526341099419,
      "t": -1.2595057285718898,
      "p": 0.20784772239419702,
      "ci_lower": -0.11105645579751439,
      "ci_upper": 0.024162492048027416
    },
    "C(YearQuarter)[T.2010Q4]": {
      "coef": -0.02733059137659755,
      "se": 0.02887012683778449,
      "t": -0.9466737548526446,
      "p": 0.3438050480568079,
      "ci_lower": -0.08391500020775838,
      "ci_upper": 0.029253817454563288
    },
    "C(YearQuarter)[T.2011Q1]": {
      "coef": -0.10015394276818902,
      "se": 0.02849495051507672,
      "t": -3.51479616415538,
      "p": 0.000440091643271419,
      "ci_lower": -0.15600301951899045,
      "ci_upper": -0.04430486601738759
    },
    "C(YearQuarter)[T.2011Q2]": {
      "coef": -0.008339940138815062,
      "se": 0.035424639353139796,
      "t": -0.23542766535111861,
      "p": 0.8138768155805349,
      "ci_lower": -0.07777095743628934,