{
  "macro_regime": {
    "baseline": {
      "alpha": 0,
      "alpha_negative": -0.04837457822759288,
      "alpha_x_negative": 0
    },
    "regimes": {
      "Goldilocks": {
        "alpha": 2.244018825036865,
        "alpha_neg": -3.161118841926362
      },
      "Overheating": {
        "alpha": -0.7978710658656172,
        "alpha_neg": 1.395723325268021
      },
      "Downturn": {
        "alpha": -10.279169686018497,
        "alpha_neg": -10.472863358777404
      },
      "Stagflation": {
        "alpha": -51.28315617121738,
        "alpha_neg": 44.95167319180922
      }
    },
    "controls": {
      "intercept": 0.05971211538717573,
      "lagged_flow": 0.3741454779880979,
      "log_tna": 0.0035029137469405375,
      "log_age": -0.02990013117510931,
      "ter": -5.146596984685212,
      "flow_rate_mean": -0.00957261161967426,
      "mean_log_tna": 17.697384827570428
    }
  },
  "model_stats": {
    "r_squared": 0.5171299630731989,
    "adj_r_squared": 0.2843796575041654,
    "n_obs": 207,
    "f_statistic": -547343966602.3328,
    "f_pvalue": 1.0,
    "aic": -273.8911967352343,
    "bic": -47.266318793189214,
    "df_model": 67,
    "df_resid": 139
  },
  "inference": {
    "Intercept": {
      "coef": 0.05971211538717573,
      "se": 0.17355788677992195,
      "t": 0.3440472599375042,
      "p": 0.7308107447893628,
      "ci_lower": -0.28045509193435164,
      "ci_upper": 0.39987932270870313
    },
    "C(YearQuarter)[T.2003Q1]": {
      "coef": 0.22596874714685922,
      "se": 0.2282447382961923,
      "t": 0.9900282864511009,
      "p": 0.3221602933438279,
      "ci_lower": -0.22138271957444772,
      "ci_upper": 0.6733202138681662
    },
    "C(YearQuarter)[T.2003Q2]": {
      "coef": 0.06900072748220502,
      "se": 0.2987996747954982,
      "t": 0.23092638079151154,
      "p": 0.8173719956651451,
      "ci_lower": -0.516635873709252,
      "ci_upper": 0.654637328673662
    },
    "C(YearQuarter)[T.2003Q3]": {
      "coef": -0.03747843849842347,
      "se": 0.29090187340942303,
      "t": -0.12883532876282072,
      "p": 0.8974879501664572,
      "ci_lower": -0.6076356334161226,
      "ci_upper": 0.5326787564192756
    },
    "C(YearQuarter)[T.2003Q4]": {
      "coef": 0.09655211805482893,
      "se": 0.2631513194761287,
      "t": 0.3669072161486444,
      "p": 0.713688228587072,
      "ci_lower": -0.419214990602577,
      "ci_upper": 0.6123192267122348
    },
    "C(YearQuarter)[T.2004Q1]": {
      "coef": -0.05528377329988071,
      "se": 0.04745522576322263,
      "t": -1.1649670275665434,
      "p": 0.2440323397792482,
      "ci_lower": -0.14829430667401436,
      "ci_upper": 0.037726760074252935
    },
    "C(YearQuarter)[T.2004Q2]": {
      "coef": -0.006841230040647489,
      "se": 0.2498799969271582,
      "t": -0.027378061968848816,
      "p": 0.9781581957019657,
      "ci_lower": -0.496597024474857,
      "ci_upper": 0.48291456439356195
    },
    "C(YearQuarter)[T.2004Q3]": {
      "coef": 0.10658324231283375,
      "se": 0.23915328572658184,
      "t": 0.4456691531083031,
      "p": 0.6558362498846864,
      "ci_lower": -0.36214858449568366,
      "ci_upper": 0.5753150691213511
    },
    "C(YearQuarter)[T.2004Q4]": {
      "coef": 0.06845185285683372,
      "se": 0.25329583327908634,
      "t": 0.2702446857126628,
      "p": 0.7869720169089804,
      "ci_lower": -0.4279988578042375,
      "ci_upper": 0.564902563517905
    },
    "C(YearQuarter)[T.2005Q1]": {
      "coef": -0.041371209051148584,
      "se": 0.1694882065820446,
      "t": -0.2440949130647737,
      "p": 0.807157312198443,
      "ci_lower": -0.37356198975624055,
      "ci_upper": 0.29081957165394334
    },
    "C(YearQuarter)[T.2005Q2]": {
      "coef": -0.04162995372429904,
      "se": 0.16330749615636256,
      "t": -0.25491759229741345,
      "p": 0.798786748355338,
      "ci_lower": -0.361706764596183,
      "ci_upper": 0.2784468571475849
    },
    "C(YearQuarter)[T.2005Q3]": {
      "coef": 0.024222252786538598,
      "se": 0.17287349899634663,
      "t": 0.14011547708102148,
      "p": 0.8885687522821375,
      "ci_lower": -0.31460357912772197,
      "ci_upper": 0.3630480847007992
    },
    "C(YearQuarter)[T.2006Q2]": {
      "coef": -0.014211079512986955,
      "se": 0.17335473506715326,
      "t": -0.08197687537915789,
      "p": 0.9346651023251974,
      "ci_lower": -0.3539801167940901,
      "ci_upper": 0.3255579577681162
    },
    "C(YearQuarter)[T.2008Q1]": {
      "coef": -0.05868756133884494,
      "se": 0.15553880061759978,
      "t": -0.37731782105695516,
      "p": 0.7059374299897256,
      "ci_lower": -0.3635380087478968,
      "ci_upper": 0.24616288607020692
    },
    "C(YearQuarter)[T.2008Q2]": {
      "coef": 0.02508838963128535,
      "se": 0.17304233488996187,
      "t": 0.14498411413160328,
      "p": 0.8847234143447833,
      "ci_lower": -0.31406835455375876,
      "ci_upper": 0.36424513381632945
    },
    "C(YearQuarter)[T.2008Q3]": {
      "coef": -0.031793474510300124,
      "se": 0.15940949423432613,
      "t": -0.19944530068933586,
      "p": 0.8419144273901006,
      "ci_lower": -0.34423034200332475,
      "ci_upper": 0.2806433929827245
    },
    "C(YearQuarter)[T.2008Q4]": {
      "coef": 0.0001994147371855911,
      "se": 0.1606557893789953,
      "t": 0.0012412545975244095,
      "p": 0.9990096223749243,
      "ci_lower": -0.3146801463534977,
      "ci_upper": 0.3150789758278689
    },
    "C(YearQuarter)[T.2009Q1]": {
      "coef": -0.05880093819336681,
      "se": 0.1685689583465634,
      "t": -0.34882423650312355,
      "p": 0.7272212668341118,
      "ci_lower": -0.3891900254640636,
      "ci_upper": 0.27158814907733003
    },
    "C(YearQuarter)[T.2009Q2]": {
      "coef": 0.5066541276699922,
      "se": 0.3101587680703312,
      "t": 1.6335315323250958,
      "p": 0.10235725450017194,
      "ci_lower": -0.10124588723716865,
      "ci_upper": 1.114554142577153
    },
    "C(YearQuarter)[T.2009Q3]": {
      "coef": -0.15361577971069915,
      "se": 0.13101362349205348,
      "t": -1.1725176024920536,
      "p": 0.24098930917953076,
      "ci_lower": -0.41039776323921473,
      "ci_upper": 0.10316620381781641
    },
    "C(YearQuarter)[T.2009Q4]": {
      "coef": -0.0907703046162493,
      "se": 0.09570116752733529,
      "t": -0.9484764602304608,
      "p": 0.3428869509695962,
      "ci_lower": -0.2783411462482606,
      "ci_upper": 0.09680053701576202
    },
    "C(YearQuarter)[T.2010Q1]": {
      "coef": 0.008372664976499423,
      "se": 0.3615017285430999,
      "t": 0.023160788221517993,
      "p": 0.981522016676597,
      "ci_lower": -0.7001577033169516,
      "ci_upper": 0.7169030332699505
    },
    "C(YearQuarter)[T.2010Q2]": {
      "coef": 0.05372050929264279,
      "se": 0.3480631052708274,
      "t": 0.15434129179202416,
      "p": 0.8773406412099276,
      "ci_lower": -0.6284706413853524,
      "ci_upper": 0.735911659970638
    },
    "C(YearQuarter)[T.2010Q3]": {
      "coef": -0.08892623456446869,
      "se": 0.14016982363437064,
      "t": -0.6344178244557863,
      "p": 0.5258081801203105,
      "ci_lower": -0.3636540406071664,
      "ci_upper": 0.185801571478229
    },
    "C(YearQuarter)[T.2010Q4]": {
      "coef": -0.0905898970836961,
      "se": 0.06464026532963568,
      "t": -1.4014468632164363,
      "p": 0.1610804868153305,
      "ci_lower": -0.21728248908089515,
      "ci_upper": 0.03610269491350297
    },
    "C(YearQuarter)[T.2011Q1]": {
      "coef": 0.05013969107691248,
      "se": 0.17802303882017959,
      "t": 0.2816472036945645,
      "p": 0.7782140414442683,
      "ci_lower": -0.29877905342901545,
      "ci_upper": 0.3990584355828404
    },
    "C(YearQuarter)[T.2011Q2]": {
      "coef": -0.009315131807640166,
      "se": 0.17304332960763116,
      "t": -0.05383120995626849,
      "p": 0.9570696436123266,
      "ci_lower": -0.3484738256034908,
      "ci_upper": 0.3298435619882105
    },
    "C(YearQuarter)[T.2011Q3]": {
      "coef": 0.014381644461277052,