{
  "macro_regime": {
    "baseline": {
      "alpha": 0.2121101358734533,
      "alpha_x_negative": 1.7950099346263684,
      "alpha_negative_indicator": -0.012327538388800538,
      "reference_regime": "Downturn"
    },
    "regimes": {
      "Goldilocks": {
        "alpha_pos": 0.5085872235051596,
        "alpha_neg": -3.0917502079388672,
        "flow_level": -0.05043036839711233
      },
      "Overheating": {
        "alpha_pos": 0.7320534504063259,
        "alpha_neg": -2.120610172928268,
        "flow_level": -0.06099274340999241
      },
      "Downturn": {
        "alpha_pos": 0.2121101358734533,
        "alpha_neg": 2.0071200704998216,
        "flow_level": 0.0
      },
      "Stagflation": {
        "alpha_pos": -0.3488124433652918,
        "alpha_neg": -0.6885203260055395,
        "flow_level": -0.031650499062130175
      }
    },
    "controls": {
      "intercept": 0.0,
      "alpha_negative_indicator": -0.012327538388800538,
      "lagged_flow": 0.20150185374109056,
      "log_tna": -0.02593346092849798,
      "log_age": -0.00963757681423919,
      "ter": 0.001142930333260871,
      "flow_rate_mean": -0.001677229533237948,
      "mean_log_tna": 18.83118936749391
    }
  },
  "model_stats": {
    "r_squared": 0.21091052740219973,
    "adj_r_squared": 0.1808640493569652,
    "n_obs": 1664,
    "f_statistic": 18.27705405530123,
    "f_pvalue": 1.5882996531507456e-14,
    "aic": -2544.805295582837,
    "bic": -2208.9525590572057,
    "df_model": 61,
    "df_resid": 1602
  },
  "inference": {
    "Intercept": {
      "coef": 0.5714678704310742,
      "se": 0.11435605151481792,
      "t": 4.9972682937293005,
      "p": 5.814814201449351e-07,
      "ci_lower": 0.34733412804782393,
      "ci_upper": 0.7956016128143244
    },
    "C(macro_regime)[T.Goldilocks]": {
      "coef": -0.05043036839711233,
      "se": 0.012863511222310262,
      "t": -3.9204201345622285,
      "p": 8.839472773547509e-05,
      "ci_lower": -0.07564238710756725,
      "ci_upper": -0.025218349686657413
    },
    "C(macro_regime)[T.Overheating]": {
      "coef": -0.06099274340999241,
      "se": 0.012318938307139952,
      "t": -4.951136363321305,
      "p": 7.378137984401989e-07,
      "ci_lower": -0.08513741881975753,
      "ci_upper": -0.03684806800022728
    },
    "C(macro_regime)[T.Stagflation]": {
      "coef": -0.031650499062130175,
      "se": 0.011939294568196876,
      "t": -2.6509521882841165,
      "p": 0.00802652028829878,
      "ci_lower": -0.055051086416610745,
      "ci_upper": -0.0082499117076496
    },
    "C(Instrument)[T.LP40000549]": {
      "coef": 0.00525259297903025,
      "se": 0.0031920207030938794,
      "t": 1.6455385060438836,
      "p": 0.09985880866626594,
      "ci_lower": -0.0010036526369399754,
      "ci_upper": 0.011508838595000475
    },
    "C(Instrument)[T.LP40000615]": {
      "coef": -0.06284093928393758,
      "se": 0.013331842882645502,
      "t": -4.713597350126268,
      "p": 2.4338136638122097e-06,
      "ci_lower": -0.08897087118146942,
      "ci_upper": -0.036711007386405745
    },
    "C(Instrument)[T.LP40001324]": {
      "coef": -0.054508581515761184,
      "se": 0.011685573821850105,
      "t": -4.664604609646048,
      "p": 3.092110020704308e-06,
      "ci_lower": -0.07741188534527146,
      "ci_upper": -0.031605277686250904
    },
    "C(Instrument)[T.LP40004073]": {
      "coef": -0.02680394645125045,
      "se": 0.004030295290505456,
      "t": -6.650616026670555,
      "p": 2.91868808117832e-11,
      "ci_lower": -0.03470318006770254,
      "ci_upper": -0.01890471283479836
    },
    "C(Instrument)[T.LP40004143]": {
      "coef": -0.014353983397740511,
      "se": 0.004495077708715968,
      "t": -3.193267019590807,
      "p": 0.0014067280142773255,
      "ci_lower": -0.02316417381453264,
      "ci_upper": -0.0055437929809483855
    },
    "C(Instrument)[T.LP40005761]": {
      "coef": 0.015093885251673909,
      "se": 0.0018610927741078153,
      "t": 8.110227207189995,
      "p": 5.052519654077903e-16,
      "ci_lower": 0.011446210442534853,
      "ci_upper": 0.018741560060812967
    },
    "C(Instrument)[T.LP40010464]": {
      "coef": 0.025123653173557248,
      "se": 0.002151087020499438,
      "t": 11.679515023861775,
      "p": 1.6221840608961517e-31,
      "ci_lower": 0.020907600085766778,
      "ci_upper": 0.029339706261347718
    },
    "C(Instrument)[T.LP40015941]": {
      "coef": 0.04415960205856993,
      "se": 0.005298750003505192,
      "t": 8.333965940902624,
      "p": 7.81784236928436e-17,
      "ci_lower": 0.03377424288861827,
      "ci_upper": 0.05454496122852159
    },
    "C(Instrument)[T.LP40019964]": {
      "coef": 0.0050228237808091145,
      "se": 0.0034972283540545546,
      "t": 1.4362298575630161,
      "p": 0.15093694563429336,
      "ci_lower": -0.0018316178388501055,
      "ci_upper": 0.011877265400468334
    },
    "C(Instrument)[T.LP40021153]": {
      "coef": -0.013415379724892831,
      "se": 0.007813088246753976,
      "t": -1.7170393193071103,
      "p": 0.08597198806283289,
      "ci_lower": -0.02872875129656382,
      "ci_upper": 0.0018979918467781562
    },
    "C(Instrument)[T.LP40029756]": {
      "coef": -0.08857146205834737,
      "se": 0.018262639875077456,
      "t": -4.8498717964218585,
      "p": 1.2354129762459427e-06,
      "ci_lower": -0.12436557847612426,
      "ci_upper": -0.05277734564057049
    },
    "C(Instrument)[T.LP40030243]": {
      "coef": -0.011765735293408271,
      "se": 0.009206079380641146,
      "t": -1.278039739495366,
      "p": 0.20123541465057637,
      "ci_lower": -0.02980931931828172,
      "ci_upper": 0.006277848731465181
    },
    "C(Instrument)[T.LP40033045]": {
      "coef": -0.025172311851421193,
      "se": 0.011280715536806244,
      "t": -2.2314463802663966,
      "p": 0.025651575536826635,
      "ci_lower": -0.04728210802340285,
      "ci_upper": -0.003062515679439534
    },
    "C(Instrument)[T.LP40033616]": {
      "coef": -0.01915207452721772,
      "se": 0.007215360333852813,
      "t": -2.6543476196691915,
      "p": 0.007946191996323487,
      "ci_lower": -0.033293920917048136,
      "ci_upper": -0.005010228137387305
    },
    "C(Instrument)[T.LP40034228]": {
      "coef": 0.028397740963220473,
      "se": 0.004646783423958295,
      "t": 6.111268456542412,
      "p": 9.884233234817003e-10,
      "ci_lower": 0.019290212808304497,
      "ci_upper": 0.03750526911813645
    },
    "C(Instrument)[T.LP40034996]": {
      "coef": -0.02069186715331449,
      "se": 0.010512025043698952,
      "t": -1.9683997200632117,
      "p": 0.04902206408903657,
      "ci_lower": -0.041295057643547524,
      "ci_upper": -8.867666308145367e-05
    },
    "C(Instrument)[T.LP40037025]": {
      "coef": -0.015921767958885776,
      "se": 0.008987204021739734,
      "t": -1.7716041518999206,
      "p": 0.07646029001535527,
      "ci_lower": -0.03353636416320918,
      "ci_upper": 0.0016928282454376324
    },
    "C(Instrument)[T.LP40048147]": {
      "coef": 0.06598396505551198,
      "se": 0.005833584012063925,
      "t": 11.311050791255651,
      "p": 1.156955662971294e-29,
      "ci_lower": 0.05455035049107801,
      "ci_upper": 0.07741757961994594
    },
    "C(Instrument)[T.LP40048702]": {
      "coef": -0.017144292782308668,
      "se": 0.009934761741858313,
      "t": -1.7256873619902031,
      "p": 0.08440367288914742,
      "ci_lower": -0.036616067991337375,
      "ci_upper": 0.00232748242672004
    },
    "C(Instrument)[T.LP40069729]": {
      "coef": -0.03166188420308353,
      "se": 0.015925833989236214,
      "t": -1.9880832755435498,
      "p": 0.046802480719488226,
      "ci_lower": -0.06287594524575037,
      "ci_upper": -0.00044782316041669726
    },
    "C(Instrument)[T.LP40095048]": {
      "coef": -0.11013665748351653,
      "se": 0.019685181349209588,
      "t": -5.59490184671013,
      "p": 2.2074661757410703e-08,
      "ci_lower": -0.1487189039571069,
      "ci_upper": -0.07155441100992616
    },