{
  "macro_regime": {
    "baseline": {
      "alpha": 3.901036496999976,
      "alpha_x_negative": -0.9214360593661369,
      "alpha_negative_indicator": 0.011664525962094928,
      "reference_regime": "Downturn"
    },
    "regimes": {
      "Goldilocks": {
        "alpha_pos": 2.7644322025623653,
        "alpha_neg": 1.646460825392944,
        "flow_level": 0.005114966984929386
      },
      "Overheating": {
        "alpha_pos": 4.278573362722144,
        "alpha_neg": 0.921162067261784,
        "flow_level": -0.01082290806251742
      },
      "Downturn": {
        "alpha_pos": 3.901036496999976,
        "alpha_neg": 2.979600437633839,
        "flow_level": 0.0
      },
      "Stagflation": {
        "alpha_pos": 1.2824876815795974,
        "alpha_neg": 2.0664207354303605,
        "flow_level": 0.005778127442257322
      }
    },
    "controls": {
      "intercept": 0.0,
      "alpha_negative_indicator": 0.011664525962094928,
      "lagged_flow": 0.20558678344391323,
      "log_tna": -0.01761339767547516,
      "log_age": -0.022733693294106763,
      "ter": 0.005715946681371765,
      "flow_rate_mean": 0.013226146313620563,
      "mean_log_tna": 18.467687000099534
    }
  },
  "model_stats": {
    "r_squared": 0.26098612609664107,
    "adj_r_squared": 0.22381862196068014,
    "n_obs": 1254,
    "f_statistic": 13.032582569297604,
    "f_pvalue": 1.0260424194116333e-11,
    "aic": -1677.576693563729,
    "bic": -1364.396976570964,
    "df_model": 60,
    "df_resid": 1193
  },
  "inference": {
    "Intercept": {
      "coef": 0.4090795062555659,
      "se": 0.19841792553858312,
      "t": 2.061706396461739,
      "p": 0.039235697226630305,
      "ci_lower": 0.02018751831279275,
      "ci_upper": 0.797971494198339
    },
    "C(macro_regime)[T.Goldilocks]": {
      "coef": 0.005114966984929386,
      "se": 0.014799835527689856,
      "t": 0.34560971811879276,
      "p": 0.729636041550998,
      "ci_lower": -0.023892177626459076,
      "ci_upper": 0.034122111596317846
    },
    "C(macro_regime)[T.Overheating]": {
      "coef": -0.01082290806251742,
      "se": 0.01761863734171538,
      "t": -0.6142874646095463,
      "p": 0.5390253845638182,
      "ci_lower": -0.045354802708952084,
      "ci_upper": 0.023708986583917242
    },
    "C(macro_regime)[T.Stagflation]": {
      "coef": 0.005778127442257322,
      "se": 0.019499630842379854,
      "t": 0.2963198374863246,
      "p": 0.7669858377428621,
      "ci_lower": -0.03244044672063363,
      "ci_upper": 0.04399670160514827
    },
    "C(Instrument)[T.LP40002411]": {
      "coef": -0.022260276809631257,
      "se": 0.015029729707771876,
      "t": -1.481082976370524,
      "p": 0.13858446365404567,
      "ci_lower": -0.05171800573423585,
      "ci_upper": 0.007197452114973333
    },
    "C(Instrument)[T.LP40005522]": {
      "coef": 0.0067417317055929,
      "se": 0.013672132197473106,
      "t": 0.49310024275795933,
      "p": 0.621941759351005,
      "ci_lower": -0.02005515499332485,
      "ci_upper": 0.03353861840451065
    },
    "C(Instrument)[T.LP40006004]": {
      "coef": 0.017399936694864757,
      "se": 0.008519123788633218,
      "t": 2.0424561406280906,
      "p": 0.041106305785026824,
      "ci_lower": 0.0007027608893052338,
      "ci_upper": 0.034097112500424284
    },
    "C(Instrument)[T.LP40019967]": {
      "coef": -0.03617882527433491,
      "se": 0.02630214937632206,
      "t": -1.375508318985676,
      "p": 0.16897390841487658,
      "ci_lower": -0.0877300907679188,
      "ci_upper": 0.015372440219248974
    },
    "C(Instrument)[T.LP40021353]": {
      "coef": -0.027945184447567526,
      "se": 0.028732391317696098,
      "t": -0.9726021109268501,
      "p": 0.33075109310635953,
      "ci_lower": -0.08425963661996322,
      "ci_upper": 0.02836926772482817
    },
    "C(Instrument)[T.LP40026490]": {
      "coef": 0.023430426589365894,
      "se": 0.009432873080950543,
      "t": 2.483911994605659,
      "p": 0.01299479181982407,
      "ci_lower": 0.0049423350799654535,
      "ci_upper": 0.04191851809876633
    },
    "C(Instrument)[T.LP40035934]": {
      "coef": -0.04017822099617856,
      "se": 0.017331185265392964,
      "t": -2.318261583436346,
      "p": 0.020435108914760483,
      "ci_lower": -0.07414671992574003,
      "ci_upper": -0.006209722066617088
    },
    "C(Instrument)[T.LP40035935]": {
      "coef": -0.12042510877937296,
      "se": 0.03695766047685845,
      "t": -3.258461364316575,
      "p": 0.0011201812827987458,
      "ci_lower": -0.19286079226687491,
      "ci_upper": -0.04798942529187099
    },
    "C(Instrument)[T.LP40045234]": {
      "coef": -0.006901225137449801,
      "se": 0.010923513098897202,
      "t": -0.631777073453276,
      "p": 0.5275325567837785,
      "ci_lower": -0.028310917395939834,
      "ci_upper": 0.01450846712104023
    },
    "C(Instrument)[T.LP40095132]": {
      "coef": -0.0006796506614796511,
      "se": 0.009187560324522498,
      "t": -0.07397509648623442,
      "p": 0.9410302010795923,
      "ci_lower": -0.01868693800333288,
      "ci_upper": 0.017327636680373574
    },
    "C(Instrument)[T.LP40104805]": {
      "coef": -0.0382109528963332,
      "se": 0.025780303863122796,
      "t": -1.4821762031669345,
      "p": 0.13829341671640738,
      "ci_lower": -0.0887394199785527,
      "ci_upper": 0.012317514185886301
    },
    "C(Instrument)[T.LP40114076]": {
      "coef": -0.03877512232015801,
      "se": 0.03705723020314674,
      "t": -1.0463578121622645,
      "p": 0.2953958629827774,
      "ci_lower": -0.11140595888513552,
      "ci_upper": 0.0338557142448195
    },
    "C(Instrument)[T.LP40120525]": {
      "coef": 0.017003614792074597,
      "se": 0.007136940746705138,
      "t": 2.3824794678202332,
      "p": 0.01719649092259643,
      "ci_lower": 0.003015467968736125,
      "ci_upper": 0.030991761615413067
    },
    "C(Instrument)[T.LP40120595]": {
      "coef": -0.04943252635309023,
      "se": 0.018103625183159482,
      "t": -2.7305319157333083,
      "p": 0.006323221022368712,
      "ci_lower": -0.08491497970169515,
      "ci_upper": -0.013950073004485301
    },
    "C(Instrument)[T.LP40120597]": {
      "coef": -0.11324442065497145,
      "se": 0.0394376003001852,
      "t": -2.8714835535883165,
      "p": 0.0040855004057714995,
      "ci_lower": -0.19054069688002045,
      "ci_upper": -0.03594814442992243
    },
    "C(Instrument)[T.LP40125745]": {
      "coef": -0.006049585267978946,
      "se": 0.019175941320520473,
      "t": -0.3154778775582292,
      "p": 0.7523988452769285,
      "ci_lower": -0.04363373962585252,
      "ci_upper": 0.031534569089894625
    },
    "C(Instrument)[T.LP40176167]": {
      "coef": 0.04218435646854364,
      "se": 0.011326980905761064,
      "t": 3.724236565728479,
      "p": 0.0001959071592115573,
      "ci_lower": 0.019983881839679075,
      "ci_upper": 0.06438483109740821
    },
    "C(Instrument)[T.LP40183646]": {
      "coef": 0.021774913113134307,
      "se": 0.009707989037847505,
      "t": 2.242989050383428,
      "p": 0.024897520603753755,
      "ci_lower": 0.0027476042366435457,
      "ci_upper": 0.04080222198962507
    },
    "C(Instrument)[T.LP40196749]": {
      "coef": -0.10303540686748225,
      "se": 0.03451593399951171,
      "t": -2.9851548235357,
      "p": 0.002834348257937936,
      "ci_lower": -0.17068539439928676,
      "ci_upper": -0.03538541933567775
    },
    "C(Instrument)[T.LP40196752]": {
      "coef": -0.03885465888314538,
      "se": 0.022415699530063265,
      "t": -1.7333681168876607,
      "p": 0.08303026072028835,
      "ci_lower": -0.08278862265034079,
      "ci_upper": 0.005079304884050027
    },
    "C(Instrument)[T.LP40200855]": {
      "coef": 0.011841136565100796,
      "se": 0.012570821115789063,
      "t": 0.9419541059436621,
      "p": 0.3462161371719923,
      "ci_lower": -0.012797220077941386,
      "ci_upper": 0.03647949320814298
    },
    "C(Instrument)[T.LP40202252]": {
      "coef": -0.09932909848016323,