{
  "macro_regime": {
    "baseline": {
      "alpha": 6.765853167520417,
      "alpha_x_negative": -4.881867993474231,
      "alpha_negative_indicator": 0.0060504322506910405,
      "reference_regime": "Downturn"
    },
    "regimes": {
      "Goldilocks": {
        "alpha_pos": 0.04091002775188457,
        "alpha_neg": 8.197935339861907,
        "flow_level": 0.06147626688965246
      },
      "Overheating": {
        "alpha_pos": -1.4940433291138149,
        "alpha_neg": 0.7570300723032917,
        "flow_level": 0.018123863589142964
      },
      "Downturn": {
        "alpha_pos": 6.765853167520417,
        "alpha_neg": 1.8839851740461864,
        "flow_level": 0.0
      },
      "Stagflation": {
        "alpha_pos": 5.672472578038645,
        "alpha_neg": 4.956754043753613,
        "flow_level": 0.02540592143907966
      }
    },
    "controls": {
      "intercept": 0.0,
      "alpha_negative_indicator": 0.0060504322506910405,
      "lagged_flow": 0.3349891091235588,
      "log_tna": -0.04226266363208997,
      "log_age": -0.012308670278573151,
      "ter": -0.00949902325574234,
      "flow_rate_mean": 0.005586120342332594,
      "mean_log_tna": 18.07833669528437
    }
  },
  "model_stats": {
    "r_squared": 0.44775983576027223,
    "adj_r_squared": 0.40144291875952076,
    "n_obs": 505,
    "f_statistic": 17.747297107868235,
    "f_pvalue": 1.8903597668304967e-09,
    "aic": -359.5622748536774,
    "bic": -190.579937682663,
    "df_model": 39,
    "df_resid": 465
  },
  "inference": {
    "Intercept": {
      "coef": 0.8992786416941874,
      "se": 0.21457007868305134,
      "t": 4.191071966853971,
      "p": 2.7763956975973168e-05,
      "ci_lower": 0.4787290153154812,
      "ci_upper": 1.3198282680728934
    },
    "C(macro_regime)[T.Goldilocks]": {
      "coef": 0.06147626688965246,
      "se": 0.03422277974853142,
      "t": 1.7963551570439147,
      "p": 0.07243805085559406,
      "ci_lower": -0.005599148868315855,
      "ci_upper": 0.12855168264762076
    },
    "C(macro_regime)[T.Overheating]": {
      "coef": 0.018123863589142964,
      "se": 0.022289863751685075,
      "t": 0.8130988951322249,
      "p": 0.41616135988125047,
      "ci_lower": -0.025563466584464633,
      "ci_upper": 0.06181119376275056
    },
    "C(macro_regime)[T.Stagflation]": {
      "coef": 0.02540592143907966,
      "se": 0.04494439044340822,
      "t": 0.5652745801741277,
      "p": 0.571887015854255,
      "ci_lower": -0.06268346513710664,
      "ci_upper": 0.11349530801526596
    },
    "C(Instrument)[T.LP40106126]": {
      "coef": -0.0542154628085009,
      "se": 0.007217360253306095,
      "t": -7.511813309258899,
      "p": 5.831391125229884e-14,
      "ci_lower": -0.06836122896843172,
      "ci_upper": -0.04006969664857007
    },
    "C(Instrument)[T.LP40108872]": {
      "coef": -0.14486829550149738,
      "se": 0.02877856690604458,
      "t": -5.03389539772634,
      "p": 4.806119905889823e-07,
      "ci_lower": -0.20127325016402106,
      "ci_upper": -0.0884633408389737
    },
    "C(Instrument)[T.LP40108873]": {
      "coef": -0.21803772103011163,
      "se": 0.039668410130183705,
      "t": -5.496507682424274,
      "p": 3.873862261006746e-08,
      "ci_lower": -0.29578637620923554,
      "ci_upper": -0.14028906585098772
    },
    "C(Instrument)[T.LP40117720]": {
      "coef": -0.036110820690996456,
      "se": 0.008163964858588708,
      "t": -4.423196488040601,
      "p": 9.725121939728545e-06,
      "ci_lower": -0.052111897784880956,
      "ci_upper": -0.020109743597111953
    },
    "C(Instrument)[T.LP40196619]": {
      "coef": -0.16417759085589925,
      "se": 0.02883474442545329,
      "t": -5.693741842600651,
      "p": 1.242849612503673e-08,
      "ci_lower": -0.2206926514332048,
      "ci_upper": -0.10766253027859371
    },
    "C(Instrument)[T.LP40196620]": {
      "coef": -0.11350631656925887,
      "se": 0.03037358858291945,
      "t": -3.737007112590213,
      "p": 0.00018622365789551339,
      "ci_lower": -0.17303745627301798,
      "ci_upper": -0.053975176865499776
    },
    "C(Instrument)[T.LP40199074]": {
      "coef": -0.26195012465065814,
      "se": 0.052803615460302246,
      "t": -4.960836911775336,
      "p": 7.019010538328049e-07,
      "ci_lower": -0.36544330920635293,
      "ci_upper": -0.15845694009496336
    },
    "C(Instrument)[T.LP40200763]": {
      "coef": -0.11804892899655565,
      "se": 0.02325248938621675,
      "t": -5.076829712113786,
      "p": 3.8378454097298237e-07,
      "ci_lower": -0.16362297074444035,
      "ci_upper": -0.07247488724867096
    },
    "C(Instrument)[T.LP40201005]": {
      "coef": -0.0557954149237521,
      "se": 0.03474238462835991,
      "t": -1.605975396352235,
      "p": 0.10827931593266066,
      "ci_lower": -0.12388923753237552,
      "ci_upper": 0.012298407684871317
    },
    "C(Instrument)[T.LP40204177]": {
      "coef": -0.12627655740270072,
      "se": 0.0528575952676698,
      "t": -2.388995503167308,
      "p": 0.016894509147839257,
      "ci_lower": -0.2298755404367283,
      "ci_upper": -0.022677574368673112
    },
    "C(Instrument)[T.LP40204178]": {
      "coef": -0.02266196362378437,
      "se": 0.025634605330729626,
      "t": -0.8840379374445924,
      "p": 0.37667573378453134,
      "ci_lower": -0.07290486682991293,
      "ci_upper": 0.02758093958234418
    },
    "C(Instrument)[T.LP40204821]": {
      "coef": -0.24287432689540767,
      "se": 0.04528173081581812,
      "t": -5.363627284550819,
      "p": 8.156712574430868e-08,
      "ci_lower": -0.3316248884520487,
      "ci_upper": -0.15412376533876665
    },
    "C(Instrument)[T.LP40204906]": {
      "coef": -0.18096210839028778,
      "se": 0.04613715115326263,
      "t": -3.922264462952019,
      "p": 8.772063093208012e-05,
      "ci_lower": -0.27138926299996313,
      "ci_upper": -0.09053495378061241
    },
    "C(Instrument)[T.LP40204908]": {
      "coef": -0.11726837446744424,
      "se": 0.028411320713523824,
      "t": -4.127522815636809,
      "p": 3.6669205904696624e-05,
      "ci_lower": -0.17295353981916778,
      "ci_upper": -0.06158320911572072
    },
    "C(Instrument)[T.LP40211629]": {
      "coef": -0.08401068792107501,
      "se": 0.021597087217784125,
      "t": -3.8899082581792044,
      "p": 0.00010028212652519626,
      "ci_lower": -0.12634020103890226,
      "ci_upper": -0.04168117480324776
    },
    "C(Instrument)[T.LP40212231]": {
      "coef": -0.2268954469741369,
      "se": 0.06849929123526195,
      "t": -3.3123765645232846,
      "p": 0.0009250693793817062,
      "ci_lower": -0.3611515907617705,
      "ci_upper": -0.09263930318650329
    },
    "C(Instrument)[T.LP40212232]": {
      "coef": -0.3037554709417442,
      "se": 0.07337893876982836,
      "t": -4.139545706630485,
      "p": 3.479942645899569e-05,
      "ci_lower": -0.4475755481543776,
      "ci_upper": -0.15993539372911078
    },
    "C(Instrument)[T.LP40215259]": {
      "coef": -0.12693363172628666,
      "se": 0.0243965241473347,
      "t": -5.202939195752362,
      "p": 1.9616106505027662e-07,
      "ci_lower": -0.17474994040302444,
      "ci_upper": -0.0791173230495489
    },
    "C(Instrument)[T.LP40215260]": {
      "coef": -0.1380070572414803,
      "se": 0.02947757752702604,
      "t": -4.6817638632262355,
      "p": 2.8441699700985937e-06,
      "ci_lower": -0.19578204754593861,
      "ci_upper": -0.08023206693702198
    },
    "C(Instrument)[T.LP40216607]": {
      "coef": 0.10136654276583901,
      "se": 0.032458223425889325,
      "t": 3.1229849346895255,
      "p": 0.0017902691147202675,
      "ci_lower": 0.03774959384894164,
      "ci_upper": 0.16498349168273638
    },
    "C(Instrument)[T.LP40217180]": {
      "coef": -0.11771194919068374,
      "se": 0.026311520779329727,
      "t": -4.473779762785814,
      "p": 7.684889656563816e-06,
      "ci_lower": -0.16928158229664725,
      "ci_upper": -0.06614231608472022
    },
    "C(Instrument)[T.LP40221773]": {
      "coef": -0.24402587654858435,