{
  "macro_regime": {
    "baseline": {
      "alpha": 3.547905591820884,
      "alpha_x_negative": -4.198782730108862,
      "alpha_negative_indicator": -0.012953135102120874,
      "reference_regime": "Downturn"
    },
    "regimes": {
      "Goldilocks": {
        "alpha_pos": -0.8111723929691648,
        "alpha_neg": -0.12562601215210734,
        "flow_level": 0.007489573880607761
      },
      "Overheating": {
        "alpha_pos": 3.287204794795216,
        "alpha_neg": 0.486298660139314,
        "flow_level": -0.016548070670896295
      },
      "Downturn": {
        "alpha_pos": 3.547905591820884,
        "alpha_neg": -0.6508771382879779,
        "flow_level": 0.0
      },
      "Stagflation": {
        "alpha_pos": -2.4935336627109397,
        "alpha_neg": -0.9668894599089928,
        "flow_level": -0.015901700230273628
      }
    },
    "controls": {
      "intercept": 0.0,
      "alpha_negative_indicator": -0.012953135102120874,
      "lagged_flow": 0.17583713630307987,
      "log_tna": -0.014305506916831327,
      "log_age": -0.005522284076843977,
      "ter": 0.0012720896465156005,
      "flow_rate_mean": 0.012138033263287643,
      "mean_log_tna": 19.447197455155315
    }
  },
  "model_stats": {
    "r_squared": 0.16422574498861575,
    "adj_r_squared": 0.1283917920625286,
    "n_obs": 828,
    "f_statistic": 36.80512390862888,
    "f_pvalue": 7.370547763112693e-11,
    "aic": -1508.8412972258966,
    "bic": -1343.6758368224125,
    "df_model": 34,
    "df_resid": 793
  },
  "inference": {
    "Intercept": {
      "coef": 0.3186084725749274,
      "se": 0.11169852410800753,
      "t": 2.852396440501283,
      "p": 0.0043390948215542525,
      "ci_lower": 0.09968338819695369,
      "ci_upper": 0.5375335569529012
    },
    "C(macro_regime)[T.Goldilocks]": {
      "coef": 0.007489573880607761,
      "se": 0.011577525091175888,
      "t": 0.6469062966070473,
      "p": 0.5176925903961997,
      "ci_lower": -0.015201958328205785,
      "ci_upper": 0.03018110608942131
    },
    "C(macro_regime)[T.Overheating]": {
      "coef": -0.016548070670896295,
      "se": 0.01321109032170426,
      "t": -1.2525893221477542,
      "p": 0.21035520282767162,
      "ci_lower": -0.04244133189794232,
      "ci_upper": 0.00934519055614973
    },
    "C(macro_regime)[T.Stagflation]": {
      "coef": -0.015901700230273628,
      "se": 0.01094042479604609,
      "t": -1.4534810600791808,
      "p": 0.14609023460206919,
      "ci_lower": -0.03734453880609293,
      "ci_upper": 0.005541138345545676
    },
    "C(Instrument)[T.LP40000605]": {
      "coef": -0.02581809348210547,
      "se": 0.0064576362576836506,
      "t": -3.99807181015897,
      "p": 6.386057891297812e-05,
      "ci_lower": -0.03847482797242544,
      "ci_upper": -0.013161358991785499
    },
    "C(Instrument)[T.LP40000651]": {
      "coef": 0.011366988083317391,
      "se": 0.006294623464995554,
      "t": 1.8058249467230711,
      "p": 0.07094568744920024,
      "ci_lower": -0.0009702472043146178,
      "ci_upper": 0.0237042233709494
    },
    "C(Instrument)[T.LP40003604]": {
      "coef": 0.004372787093898762,
      "se": 0.005977827220601378,
      "t": 0.7315010843453006,
      "p": 0.46447314244019344,
      "ci_lower": -0.007343538964283111,
      "ci_upper": 0.016089113152080635
    },
    "C(Instrument)[T.LP40004664]": {
      "coef": 0.038372134499790496,
      "se": 0.005759836995656434,
      "t": 6.662017437078065,
      "p": 2.7009397240494882e-11,
      "ci_lower": 0.027083061431482498,
      "ci_upper": 0.0496612075680985
    },
    "C(Instrument)[T.LP40017915]": {
      "coef": -0.08113225623448768,
      "se": 0.02621467752426253,
      "t": -3.0949171951246455,
      "p": 0.00196867850266631,
      "ci_lower": -0.13251208004837386,
      "ci_upper": -0.029752432420601486
    },
    "C(Instrument)[T.LP40019885]": {
      "coef": 0.010296471535180523,
      "se": 0.0019660313616609343,
      "t": 5.237185802815425,
      "p": 1.6304353390078866e-07,
      "ci_lower": 0.00644312087384885,
      "ci_upper": 0.014149822196512195
    },
    "C(Instrument)[T.LP40024835]": {
      "coef": -0.027023349142936196,
      "se": 0.005385735530137116,
      "t": -5.017578191821872,
      "p": 5.232690706440933e-07,
      "ci_lower": -0.037579196812262676,
      "ci_upper": -0.016467501473609716
    },
    "C(Instrument)[T.LP40033047]": {
      "coef": -0.003410274521318896,
      "se": 0.0035587775505364883,
      "t": -0.9582713369664801,
      "p": 0.33792595334283915,
      "ci_lower": -0.010385350349360086,
      "ci_upper": 0.0035648013067222932
    },
    "C(Instrument)[T.LP40045538]": {
      "coef": -0.01600449863940656,
      "se": 0.012527200572378858,
      "t": -1.2775798189656813,
      "p": 0.20139762005327355,
      "ci_lower": -0.04055736058837867,
      "ci_upper": 0.00854836330956555
    },
    "C(Instrument)[T.LP40054063]": {
      "coef": 0.04443506384818208,
      "se": 0.010743332106357245,
      "t": 4.1360597818518645,
      "p": 3.5332018090910693e-05,
      "ci_lower": 0.02337851984576904,
      "ci_upper": 0.06549160785059512
    },
    "C(Instrument)[T.LP40059155]": {
      "coef": -0.036021297569736085,
      "se": 0.005831261477702771,
      "t": -6.177273598083737,
      "p": 6.521799950168789e-10,
      "ci_lower": -0.047450360050469334,
      "ci_upper": -0.024592235089002837
    },
    "C(Instrument)[T.LP40115301]": {
      "coef": -0.006511929400272295,
      "se": 0.012872872298663664,
      "t": -0.5058645226324742,
      "p": 0.612951759228431,
      "ci_lower": -0.03174229548323641,
      "ci_upper": 0.018718436682691825
    },
    "C(Instrument)[T.LP40179365]": {
      "coef": 0.02356370600205257,
      "se": 0.00799033146295049,
      "t": 2.9490273477780726,
      "p": 0.003187757661488902,
      "ci_lower": 0.007902944110132367,
      "ci_upper": 0.03922446789397277
    },
    "C(Instrument)[T.LP40183646]": {
      "coef": 0.02732805970263613,
      "se": 0.010941110501160778,
      "t": 2.497740946838697,
      "p": 0.012498749362150707,
      "ci_lower": 0.0058838771694880235,
      "ci_upper": 0.04877224223578424
    },
    "C(Instrument)[T.LP40194859]": {
      "coef": 5.219803889836475e-05,
      "se": 0.006923803256504958,
      "t": 0.007538925784658071,
      "p": 0.9939848644902108,
      "ci_lower": -0.013518206979892495,
      "ci_upper": 0.013622603057689225
    },
    "C(Instrument)[T.LP40201797]": {
      "coef": -0.01295502679628918,
      "se": 0.007239354962285949,
      "t": -1.7895277775132623,
      "p": 0.07352985807811283,
      "ci_lower": -0.02714390179367096,
      "ci_upper": 0.0012338482010926
    },
    "C(Instrument)[T.LP40202854]": {
      "coef": -0.05552473232695898,
      "se": 0.009972890644482204,
      "t": -5.567566546784475,
      "p": 2.583214362660908e-08,
      "ci_lower": -0.07507123881190055,
      "ci_upper": -0.03597822584201742
    },
    "C(Instrument)[T.LP40215375]": {
      "coef": 0.029096331840395857,
      "se": 0.009522736902345308,
      "t": 3.0554589650828077,
      "p": 0.0022471635084725127,
      "ci_lower": 0.010432110477548533,
      "ci_upper": 0.04776055320324318
    },
    "C(Instrument)[T.LP40226705]": {
      "coef": 0.10103911914023495,
      "se": 0.016183266302319727,
      "t": 6.243431780255133,
      "p": 4.280730609030625e-10,
      "ci_lower": 0.06932050003546758,
      "ci_upper": 0.1327577382450023
    },
    "Alpha": {
      "coef": 3.547905591820884,
      "se": 2.3617213592066886,
      "t": 1.5022540986853077,
      "p": 0.1330314981458618,
      "ci_lower": -1.0809832137432096,
      "ci_upper": 8.176794397384977
    },
    "Alpha:C(macro_regime)[T.Goldilocks]": {
      "coef": -4.359077984790049,
      "se": 2.9690278332967246,
      "t": -1.468183604041816,
      "p": 0.14205435670920571,
      "ci_lower": -10.17826560714862,
      "ci_upper": 1.4601096375685234
    },
    "Alpha:C(macro_regime)[T.Overheating]": {
      "coef": -0.26070079702566823,