{
  "macro_regime": {
    "baseline": {
      "alpha": 0.5646461062327642,
      "alpha_negative": -0.006661060104615369,
      "alpha_x_negative": 0.2323036438267796
    },
    "regimes": {
      "Goldilocks": {
        "alpha": 1.0390703624456008,
        "alpha_neg": -1.1996059349085204
      },
      "Overheating": {
        "alpha": 1.1488962843453745,
        "alpha_neg": -1.6660216382604975
      },
      "Downturn": {
        "alpha": -0.5619774029534096,
        "alpha_neg": 1.7127797608588027
      },
      "Stagflation": {
        "alpha": -1.0613431376047433,
        "alpha_neg": 1.3851514561366032
      }
    },
    "controls": {
      "intercept": 0.14261985479244485,
      "lagged_flow": 0.3073564074803398,
      "log_tna": -0.004445183009894695,
      "ter": -2.157860799480199
    }
  },
  "model_stats": {
    "r_squared": 0.14424435001412184,
    "adj_r_squared": 0.14404836047675573,
    "n_obs": 65511
  }
}