{
  "macro_regime": {
    "baseline": {
      "alpha": 1.3045502755274048,
      "alpha_negative": -0.008575671919191487,
      "alpha_x_negative": -0.11197084150587311
    },
    "regimes": {
      "Goldilocks": {
        "alpha": 0.8405791461190493,
        "alpha_neg": -1.2119517210589923
      },
      "Overheating": {
        "alpha": 0.7374525233809611,
        "alpha_neg": -1.4190815940890018
      },
      "Downturn": {
        "alpha": 1.4522864265439248,
        "alpha_neg": 0.40352038710279137
      },
      "Stagflation": {
        "alpha": -1.7257678205165434,
        "alpha_neg": 2.1155420865393184
      }
    },
    "controls": {
      "intercept": 0.39423905612682325,
      "lagged_flow": 0.20530232806744173,
      "log_tna": -0.014932055062653925,
      "ter": -0.04950231837299554
    }
  },
  "model_stats": {
    "r_squared": 0.0910120949013633,
    "adj_r_squared": 0.090805838002194,
    "n_obs": 66122
  }
}